[{"sha":"7d7988abc9636dd1ed6a95109cc33836b60eeaba","commit":{"author":{"name":"mayankdevops","email":"mayank.devops@gmail.com","date":"2016-03-07T09:32:55Z"},"committer":{"name":"mayankdevops","email":"mayank.devops@gmail.com","date":"2016-03-07T09:32:55Z"},"message":"Update basic.css\n\nchanging the bg color again.. this time to jenkins job","tree":{"sha":"e8563bb12003f2687412ca74024962cc31abb570","url":"https://api.github.com/repos/mayankdevops/onlinebanking/git/trees/e8563bb12003f2687412ca74024962cc31abb570"},"url":"https://api.github.com/repos/mayankdevops/onlinebanking/git/commits/7d7988abc9636dd1ed6a95109cc33836b60eeaba","comment_count":0},"url":"https://api.github.com/repos/mayankdevops/onlinebanking/commits/7d7988abc9636dd1ed6a95109cc33836b60eeaba","html_url":"https://github.com/mayankdevops/onlinebanking/commit/7d7988abc9636dd1ed6a95109cc33836b60eeaba","comments_url":"https://api.github.com/repos/mayankdevops/onlinebanking/commits/7d7988abc9636dd1ed6a95109cc33836b60eeaba/comments","author":{"login":"mayankdevops","id":11787440,"avatar_url":"https://avatars.githubusercontent.com/u/11787440?v=3","gravatar_id":"","url":"https://api.github.com/users/mayankdevops","html_url":"https://github.com/mayankdevops","followers_url":"https://api.github.com/users/mayankdevops/followers","following_url":"https://api.github.com/users/mayankdevops/following{/other_user}","gists_url":"https://api.github.com/users/mayankdevops/gists{/gist_id}","starred_url":"https://api.github.com/users/mayankdevops/starred{/owner}{/repo}","subscriptions_url":"https://api.github.com/users/mayankdevops/subscriptions","organizations_url":"https://api.github.com/users/mayankdevops/orgs","repos_url":"https://api.github.com/users/mayankdevops/repos","events_url":"https://api.github.com/users/mayankdevops/events{/privacy}","received_events_url":"https://api.github.com/users/mayankdevops/received_events","type":"User","site_admin":false},"committer":{"login":"mayankdevops","id":11787440,"avatar_url":"https://avatars.githubusercontent.com/u/11787440?v=3","gravatar_id":"","url":"https://api.github.com/users/mayankdevops","html_url":"https://github.com/mayankdevops","followers_url":"https://api.github.com/users/mayankdevops/followers","following_url":"https://api.github.com/users/mayankdevops/following{/other_user}","gists_url":"https://api.github.com/users/mayankdevops/gists{/gist_id}","starred_url":"https://api.github.com/users/mayankdevops/starred{/owner}{/repo}","subscriptions_url":"https://api.github.com/users/mayankdevops/subscriptions","organizations_url":"https://api.github.com/users/mayankdevops/orgs","repos_url":"https://api.github.com/users/mayankdevops/repos","events_url":"https://api.github.com/users/mayankdevops/events{/privacy}","received_events_url":"https://api.github.com/users/mayankdevops/received_events","type":"User","site_admin":false},"parents":[{"sha":"1e0ac3080b2b831f8d03de375f9ed966fd75219a","url":"https://api.github.com/repos/mayankdevops/onlinebanking/commits/1e0ac3080b2b831f8d03de375f9ed966fd75219a","html_url":"https://github.com/mayankdevops/onlinebanking/commit/1e0ac3080b2b831f8d03de375f9ed966fd75219a"}]},{"sha":"1e0ac3080b2b831f8d03de375f9ed966fd75219a","commit":{"author":{"name":"mayankdevops","email":"mayank.devops@gmail.com","date":"2016-03-07T09:23:55Z"},"committer":{"name":"mayankdevops","email":"mayank.devops@gmail.com","date":"2016-03-07T09:23:55Z"},"message":"Update basic.css\n\nChanging the bg color to Blue","tree":{"sha":"7c2842e531958d8c2e2a410a6f615b892588e88d","url":"https://api.github.com/repos/mayankdevops/onlinebanking/git/trees/7c2842e531958d8c2e2a410a6f615b892588e88d"},"url":"https://api.github.com/repos/mayankdevops/onlinebanking/git/commits/1e0ac3080b2b831f8d03de375f9ed966fd75219a","comment_count":0},"url":"https://api.github.com/repos/mayankdevops/onlinebanking/commits/1e0ac3080b2b831f8d03de375f9ed966fd75219a","html_url":"https://github.com/mayankdevops/onlinebanking/commit/1e0ac3080b2b831f8d03de375f9ed966fd75219a","comments_url":"https://api.github.com/repos/mayankdevops/onlinebanking/commits/1e0ac3080b2b831f8d03de375f9ed966fd75219a/comments","author":{"login":"mayankdevops","id":11787440,"avatar_url":"https://avatars.githubusercontent.com/u/11787440?v=3","gravatar_id":"","url":"https://api.github.com/users/mayankdevops","html_url":"https://github.com/mayankdevops","followers_url":"https://api.github.com/users/mayankdevops/followers","following_url":"https://api.github.com/users/mayankdevops/following{/other_user}","gists_url":"https://api.github.com/users/mayankdevops/gists{/gist_id}","starred_url":"https://api.github.com/users/mayankdevops/starred{/owner}{/repo}","subscriptions_url":"https://api.github.com/users/mayankdevops/subscriptions","organizations_url":"https://api.github.com/users/mayankdevops/orgs","repos_url":"https://api.github.com/users/mayankdevops/repos","events_url":"https://api.github.com/users/mayankdevops/events{/privacy}","received_events_url":"https://api.github.com/users/mayankdevops/received_events","type":"User","site_admin":false},"committer":{"login":"mayankdevops","id":11787440,"avatar_url":"https://avatars.githubusercontent.com/u/11787440?v=3","gravatar_id":"","url":"https://api.github.com/users/mayankdevops","html_url":"https://github.com/mayankdevops","followers_url":"https://api.github.com/users/mayankdevops/followers","following_url":"https://api.github.com/users/mayankdevops/following{/other_user}","gists_url":"https://api.github.com/users/mayankdevops/gists{/gist_id}","starred_url":"https://api.github.com/users/mayankdevops/starred{/owner}{/repo}","subscriptions_url":"https://api.github.com/users/mayankdevops/subscriptions","organizations_url":"https://api.github.com/users/mayankdevops/orgs","repos_url":"https://api.github.com/users/mayankdevops/repos","events_url":"https://api.github.com/users/mayankdevops/events{/privacy}","received_events_url":"https://api.github.com/users/mayankdevops/received_events","type":"User","site_admin":false},"parents":[{"sha":"5aa6889eeca0d9a3912a8f67f63fec886d0e808e","url":"https://api.github.com/repos/mayankdevops/onlinebanking/commits/5aa6889eeca0d9a3912a8f67f63fec886d0e808e","html_url":"https://github.com/mayankdevops/onlinebanking/commit/5aa6889eeca0d9a3912a8f67f63fec886d0e808e"}]},{"sha":"5aa6889eeca0d9a3912a8f67f63fec886d0e808e","commit":{"author":{"name":"mayankdevops","email":"mayank.devops@gmail.com","date":"2016-03-07T09:19:08Z"},"committer":{"name":"mayankdevops","email":"mayank.devops@gmail.com","date":"2016-03-07T09:19:08Z"},"message":"Update basic.css\n\nChanging the bg color to yellow","tree":{"sha":"e8563bb12003f2687412ca74024962cc31abb570","url":"https://api.github.com/repos/mayankdevops/onlinebanking/git/trees/e8563bb12003f2687412ca74024962cc31abb570"},"url":"https://api.github.com/repos/mayankdevops/onlinebanking/git/commits/5aa6889eeca0d9a3912a8f67f63fec886d0e808e","comment_count":0},"url":"https://api.github.com/repos/mayankdevops/onlinebanking/commits/5aa6889eeca0d9a3912a8f67f63fec886d0e808e","html_url":"https://github.com/mayankdevops/onlinebanking/commit/5aa6889eeca0d9a3912a8f67f63fec886d0e808e","comments_url":"https://api.github.com/repos/mayankdevops/onlinebanking/commits/5aa6889eeca0d9a3912a8f67f63fec886d0e808e/comments","author":{"login":"mayankdevops","id":11787440,"avatar_url":"https://avatars.githubusercontent.com/u/11787440?v=3","gravatar_id":"","url":"https://api.github.com/users/mayankdevops","html_url":"https://github.com/mayankdevops","followers_url":"https://api.github.com/users/mayankdevops/followers","following_url":"https://api.github.com/users/mayankdevops/following{/other_user}","gists_url":"https://api.github.com/users/mayankdevops/gists{/gist_id}","starred_url":"https://api.github.com/users/mayankdevops/starred{/owner}{/repo}","subscriptions_url":"https://api.github.com/users/mayankdevops/subscriptions","organizations_url":"https://api.github.com/users/mayankdevops/orgs","repos_url":"https://api.github.com/users/mayankdevops/repos","events_url":"https://api.github.com/users/mayankdevops/events{/privacy}","received_events_url":"https://api.github.com/users/mayankdevops/received_events","type":"User","site_admin":false},"committer":{"login":"mayankdevops","id":11787440,"avatar_url":"https://avatars.githubusercontent.com/u/11787440?v=3","gravatar_id":"","url":"https://api.github.com/users/mayankdevops","html_url":"https://github.com/mayankdevops","followers_url":"https://api.github.com/users/mayankdevops/followers","following_url":"https://api.github.com/users/mayankdevops/following{/other_user}","gists_url":"https://api.github.com/users/mayankdevops/gists{/gist_id}","starred_url":"https://api.github.com/users/mayankdevops/starred{/owner}{/repo}","subscriptions_url":"https://api.github.com/users/mayankdevops/subscriptions","organizations_url":"https://api.github.com/users/mayankdevops/orgs","repos_url":"https://api.github.com/users/mayankdevops/repos","events_url":"https://api.github.com/users/mayankdevops/events{/privacy}","received_events_url":"https://api.github.com/users/mayankdevops/received_events","type":"User","site_admin":false},"parents":[{"sha":"4dad3a4c185d2a83da4340f4b877a0ef838b9161","url":"https://api.github.com/repos/mayankdevops/onlinebanking/commits/4dad3a4c185d2a83da4340f4b877a0ef838b9161","html_url":"https://github.com/mayankdevops/onlinebanking/commit/4dad3a4c185d2a83da4340f4b877a0ef838b9161"}]},{"sha":"4dad3a4c185d2a83da4340f4b877a0ef838b9161","commit":{"author":{"name":"mayankdevops","email":"mayank.devops@gmail.com","date":"2016-02-25T10:26:29Z"},"committer":{"name":"mayankdevops","email":"mayank.devops@gmail.com","date":"2016-02-25T10:26:29Z"},"message":"just adding a comment for api call 2","tree":{"sha":"7c2842e531958d8c2e2a410a6f615b892588e88d","url":"https://api.github.com/repos/mayankdevops/onlinebanking/git/trees/7c2842e531958d8c2e2a410a6f615b892588e88d"},"url":"https://api.github.com/repos/mayankdevops/onlinebanking/git/commits/4dad3a4c185d2a83da4340f4b877a0ef838b9161","comment_count":0},"url":"https://api.github.com/repos/mayankdevops/onlinebanking/commits/4dad3a4c185d2a83da4340f4b877a0ef838b9161","html_url":"https://github.com/mayankdevops/onlinebanking/commit/4dad3a4c185d2a83da4340f4b877a0ef838b9161","comments_url":"https://api.github.com/repos/mayankdevops/onlinebanking/commits/4dad3a4c185d2a83da4340f4b877a0ef838b9161/comments","author":{"login":"mayankdevops","id":11787440,"avatar_url":"https://avatars.githubusercontent.com/u/11787440?v=3","gravatar_id":"","url":"https://api.github.com/users/mayankdevops","html_url":"https://github.com/mayankdevops","followers_url":"https://api.github.com/users/mayankdevops/followers","following_url":"https://api.github.com/users/mayankdevops/following{/other_user}","gists_url":"https://api.github.com/users/mayankdevops/gists{/gist_id}","starred_url":"https://api.github.com/users/mayankdevops/starred{/owner}{/repo}","subscriptions_url":"https://api.github.com/users/mayankdevops/subscriptions","organizations_url":"https://api.github.com/users/mayankdevops/orgs","repos_url":"https://api.github.com/users/mayankdevops/repos","events_url":"https://api.github.com/users/mayankdevops/events{/privacy}","received_events_url":"https://api.github.com/users/mayankdevops/received_events","type":"User","site_admin":false},"committer":{"login":"mayankdevops","id":11787440,"avatar_url":"https://avatars.githubusercontent.com/u/11787440?v=3","gravatar_id":"","url":"https://api.github.com/users/mayankdevops","html_url":"https://github.com/mayankdevops","followers_url":"https://api.github.com/users/mayankdevops/followers","following_url":"https://api.github.com/users/mayankdevops/following{/other_user}","gists_url":"https://api.github.com/users/mayankdevops/gists{/gist_id}","starred_url":"https://api.github.com/users/mayankdevops/starred{/owner}{/repo}","subscriptions_url":"https://api.github.com/users/mayankdevops/subscriptions","organizations_url":"https://api.github.com/users/mayankdevops/orgs","repos_url":"https://api.github.com/users/mayankdevops/repos","events_url":"https://api.github.com/users/mayankdevops/events{/privacy}","received_events_url":"https://api.github.com/users/mayankdevops/received_events","type":"User","site_admin":false},"parents":[{"sha":"43ef0f43213948b50b4b08ece3d44d5da58cc0d5","url":"https://api.github.com/repos/mayankdevops/onlinebanking/commits/43ef0f43213948b50b4b08ece3d44d5da58cc0d5","html_url":"https://github.com/mayankdevops/onlinebanking/commit/43ef0f43213948b50b4b08ece3d44d5da58cc0d5"}]},{"sha":"43ef0f43213948b50b4b08ece3d44d5da58cc0d5","commit":{"author":{"name":"mayankdevops","email":"mayank.devops@gmail.com","date":"2016-02-25T10:10:47Z"},"committer":{"name":"mayankdevops","email":"mayank.devops@gmail.com","date":"2016-02-25T10:10:47Z"},"message":"just adding a comment for api call","tree":{"sha":"904b12d445fd2e11a37b3a409947170247ef6936","url":"https://api.github.com/repos/mayankdevops/onlinebanking/git/trees/904b12d445fd2e11a37b3a409947170247ef6936"},"url":"https://api.github.com/repos/mayankdevops/onlinebanking/git/commits/43ef0f43213948b50b4b08ece3d44d5da58cc0d5","comment_count":0},"url":"https://api.github.com/repos/mayankdevops/onlinebanking/commits/43ef0f43213948b50b4b08ece3d44d5da58cc0d5","html_url":"https://github.com/mayankdevops/onlinebanking/commit/43ef0f43213948b50b4b08ece3d44d5da58cc0d5","comments_url":"https://api.github.com/repos/mayankdevops/onlinebanking/commits/43ef0f43213948b50b4b08ece3d44d5da58cc0d5/comments","author":{"login":"mayankdevops","id":11787440,"avatar_url":"https://avatars.githubusercontent.com/u/11787440?v=3","gravatar_id":"","url":"https://api.github.com/users/mayankdevops","html_url":"https://github.com/mayankdevops","followers_url":"https://api.github.com/users/mayankdevops/followers","following_url":"https://api.github.com/users/mayankdevops/following{/other_user}","gists_url":"https://api.github.com/users/mayankdevops/gists{/gist_id}","starred_url":"https://api.github.com/users/mayankdevops/starred{/owner}{/repo}","subscriptions_url":"https://api.github.com/users/mayankdevops/subscriptions","organizations_url":"https://api.github.com/users/mayankdevops/orgs","repos_url":"https://api.github.com/users/mayankdevops/repos","events_url":"https://api.github.com/users/mayankdevops/events{/privacy}","received_events_url":"https://api.github.com/users/mayankdevops/received_events","type":"User","site_admin":false},"committer":{"login":"mayankdevops","id":11787440,"avatar_url":"https://avatars.githubusercontent.com/u/11787440?v=3","gravatar_id":"","url":"https://api.github.com/users/mayankdevops","html_url":"https://github.com/mayankdevops","followers_url":"https://api.github.com/users/mayankdevops/followers","following_url":"https://api.github.com/users/mayankdevops/following{/other_user}","gists_url":"https://api.github.com/users/mayankdevops/gists{/gist_id}","starred_url":"https://api.github.com/users/mayankdevops/starred{/owner}{/repo}","subscriptions_url":"https://api.github.com/users/mayankdevops/subscriptions","organizations_url":"https://api.github.com/users/mayankdevops/orgs","repos_url":"https://api.github.com/users/mayankdevops/repos","events_url":"https://api.github.com/users/mayankdevops/events{/privacy}","received_events_url":"https://api.github.com/users/mayankdevops/received_events","type":"User","site_admin":false},"parents":[{"sha":"92e1baec224fc96c7256f1ef4a52c864301f81b3","url":"https://api.github.com/repos/mayankdevops/onlinebanking/commits/92e1baec224fc96c7256f1ef4a52c864301f81b3","html_url":"https://github.com/mayankdevops/onlinebanking/commit/92e1baec224fc96c7256f1ef4a52c864301f81b3"}]},{"sha":"92e1baec224fc96c7256f1ef4a52c864301f81b3","commit":{"author":{"name":"mayankdevops","email":"mayank.devops@gmail.com","date":"2016-02-23T08:10:37Z"},"committer":{"name":"mayankdevops","email":"mayank.devops@gmail.com","date":"2016-02-23T08:10:37Z"},"message":"chaning bg color and snapshot version","tree":{"sha":"4075425f776b34ff1a36682f387655933deef108","url":"https://api.github.com/repos/mayankdevops/onlinebanking/git/trees/4075425f776b34ff1a36682f387655933deef108"},"url":"https://api.github.com/repos/mayankdevops/onlinebanking/git/commits/92e1baec224fc96c7256f1ef4a52c864301f81b3","comment_count":0},"url":"https://api.github.com/repos/mayankdevops/onlinebanking/commits/92e1baec224fc96c7256f1ef4a52c864301f81b3","html_url":"https://github.com/mayankdevops/onlinebanking/commit/92e1baec224fc96c7256f1ef4a52c864301f81b3","comments_url":"https://api.github.com/repos/mayankdevops/onlinebanking/commits/92e1baec224fc96c7256f1ef4a52c864301f81b3/comments","author":{"login":"mayankdevops","id":11787440,"avatar_url":"https://avatars.githubusercontent.com/u/11787440?v=3","gravatar_id":"","url":"https://api.github.com/users/mayankdevops","html_url":"https://github.com/mayankdevops","followers_url":"https://api.github.com/users/mayankdevops/followers","following_url":"https://api.github.com/users/mayankdevops/following{/other_user}","gists_url":"https://api.github.com/users/mayankdevops/gists{/gist_id}","starred_url":"https://api.github.com/users/mayankdevops/starred{/owner}{/repo}","subscriptions_url":"https://api.github.com/users/mayankdevops/subscriptions","organizations_url":"https://api.github.com/users/mayankdevops/orgs","repos_url":"https://api.github.com/users/mayankdevops/repos","events_url":"https://api.github.com/users/mayankdevops/events{/privacy}","received_events_url":"https://api.github.com/users/mayankdevops/received_events","type":"User","site_admin":false},"committer":{"login":"mayankdevops","id":11787440,"avatar_url":"https://avatars.githubusercontent.com/u/11787440?v=3","gravatar_id":"","url":"https://api.github.com/users/mayankdevops","html_url":"https://github.com/mayankdevops","followers_url":"https://api.github.com/users/mayankdevops/followers","following_url":"https://api.github.com/users/mayankdevops/following{/other_user}","gists_url":"https://api.github.com/users/mayankdevops/gists{/gist_id}","starred_url":"https://api.github.com/users/mayankdevops/starred{/owner}{/repo}","subscriptions_url":"https://api.github.com/users/mayankdevops/subscriptions","organizations_url":"https://api.github.com/users/mayankdevops/orgs","repos_url":"https://api.github.com/users/mayankdevops/repos","events_url":"https://api.github.com/users/mayankdevops/events{/privacy}","received_events_url":"https://api.github.com/users/mayankdevops/received_events","type":"User","site_admin":false},"parents":[{"sha":"e08371c97eef3f43c48905dcf900c3954be35b68","url":"https://api.github.com/repos/mayankdevops/onlinebanking/commits/e08371c97eef3f43c48905dcf900c3954be35b68","html_url":"https://github.com/mayankdevops/onlinebanking/commit/e08371c97eef3f43c48905dcf900c3954be35b68"}]},{"sha":"e08371c97eef3f43c48905dcf900c3954be35b68","commit":{"author":{"name":"mayankdevops","email":"mayank.devops@gmail.com","date":"2016-02-23T07:34:18Z"},"committer":{"name":"mayankdevops","email":"mayank.devops@gmail.com","date":"2016-02-23T07:34:18Z"},"message":"Added files via upload","tree":{"sha":"447b7baa0210e26e2744b26abbecb8cced6d6fee","url":"https://api.github.com/repos/mayankdevops/onlinebanking/git/trees/447b7baa0210e26e2744b26abbecb8cced6d6fee"},"url":"https://api.github.com/repos/mayankdevops/onlinebanking/git/commits/e08371c97eef3f43c48905dcf900c3954be35b68","comment_count":0},"url":"https://api.github.com/repos/mayankdevops/onlinebanking/commits/e08371c97eef3f43c48905dcf900c3954be35b68","html_url":"https://github.com/mayankdevops/onlinebanking/commit/e08371c97eef3f43c48905dcf900c3954be35b68","comments_url":"https://api.github.com/repos/mayankdevops/onlinebanking/commits/e08371c97eef3f43c48905dcf900c3954be35b68/comments","author":{"login":"mayankdevops","id":11787440,"avatar_url":"https://avatars.githubusercontent.com/u/11787440?v=3","gravatar_id":"","url":"https://api.github.com/users/mayankdevops","html_url":"https://github.com/mayankdevops","followers_url":"https://api.github.com/users/mayankdevops/followers","following_url":"https://api.github.com/users/mayankdevops/following{/other_user}","gists_url":"https://api.github.com/users/mayankdevops/gists{/gist_id}","starred_url":"https://api.github.com/users/mayankdevops/starred{/owner}{/repo}","subscriptions_url":"https://api.github.com/users/mayankdevops/subscriptions","organizations_url":"https://api.github.com/users/mayankdevops/orgs","repos_url":"https://api.github.com/users/mayankdevops/repos","events_url":"https://api.github.com/users/mayankdevops/events{/privacy}","received_events_url":"https://api.github.com/users/mayankdevops/received_events","type":"User","site_admin":false},"committer":{"login":"mayankdevops","id":11787440,"avatar_url":"https://avatars.githubusercontent.com/u/11787440?v=3","gravatar_id":"","url":"https://api.github.com/users/mayankdevops","html_url":"https://github.com/mayankdevops","followers_url":"https://api.github.com/users/mayankdevops/followers","following_url":"https://api.github.com/users/mayankdevops/following{/other_user}","gists_url":"https://api.github.com/users/mayankdevops/gists{/gist_id}","starred_url":"https://api.github.com/users/mayankdevops/starred{/owner}{/repo}","subscriptions_url":"https://api.github.com/users/mayankdevops/subscriptions","organizations_url":"https://api.github.com/users/mayankdevops/orgs","repos_url":"https://api.github.com/users/mayankdevops/repos","events_url":"https://api.github.com/users/mayankdevops/events{/privacy}","received_events_url":"https://api.github.com/users/mayankdevops/received_events","type":"User","site_admin":false},"parents":[{"sha":"0aaf8280804654c72e191673e7e5ce3a6f165740","url":"https://api.github.com/repos/mayankdevops/onlinebanking/commits/0aaf8280804654c72e191673e7e5ce3a6f165740","html_url":"https://github.com/mayankdevops/onlinebanking/commit/0aaf8280804654c72e191673e7e5ce3a6f165740"}]},{"sha":"0aaf8280804654c72e191673e7e5ce3a6f165740","commit":{"author":{"name":"mayankdevops","email":"mayank.devops@gmail.com","date":"2016-02-23T07:29:28Z"},"committer":{"name":"mayankdevops","email":"mayank.devops@gmail.com","date":"2016-02-23T07:29:28Z"},"message":"Added files via upload","tree":{"sha":"f5869f243ac93f9d5e8d26cdf0829f26183379cd","url":"https://api.github.com/repos/mayankdevops/onlinebanking/git/trees/f5869f243ac93f9d5e8d26cdf0829f26183379cd"},"url":"https://api.github.com/repos/mayankdevops/onlinebanking/git/commits/0aaf8280804654c72e191673e7e5ce3a6f165740","comment_count":0},"url":"https://api.github.com/repos/mayankdevops/onlinebanking/commits/0aaf8280804654c72e191673e7e5ce3a6f165740","html_url":"https://github.com/mayankdevops/onlinebanking/commit/0aaf8280804654c72e191673e7e5ce3a6f165740","comments_url":"https://api.github.com/repos/mayankdevops/onlinebanking/commits/0aaf8280804654c72e191673e7e5ce3a6f165740/comments","author":{"login":"mayankdevops","id":11787440,"avatar_url":"https://avatars.githubusercontent.com/u/11787440?v=3","gravatar_id":"","url":"https://api.github.com/users/mayankdevops","html_url":"https://github.com/mayankdevops","followers_url":"https://api.github.com/users/mayankdevops/followers","following_url":"https://api.github.com/users/mayankdevops/following{/other_user}","gists_url":"https://api.github.com/users/mayankdevops/gists{/gist_id}","starred_url":"https://api.github.com/users/mayankdevops/starred{/owner}{/repo}","subscriptions_url":"https://api.github.com/users/mayankdevops/subscriptions","organizations_url":"https://api.github.com/users/mayankdevops/orgs","repos_url":"https://api.github.com/users/mayankdevops/repos","events_url":"https://api.github.com/users/mayankdevops/events{/privacy}","received_events_url":"https://api.github.com/users/mayankdevops/received_events","type":"User","site_admin":false},"committer":{"login":"mayankdevops","id":11787440,"avatar_url":"https://avatars.githubusercontent.com/u/11787440?v=3","gravatar_id":"","url":"https://api.github.com/users/mayankdevops","html_url":"https://github.com/mayankdevops","followers_url":"https://api.github.com/users/mayankdevops/followers","following_url":"https://api.github.com/users/mayankdevops/following{/other_user}","gists_url":"https://api.github.com/users/mayankdevops/gists{/gist_id}","starred_url":"https://api.github.com/users/mayankdevops/starred{/owner}{/repo}","subscriptions_url":"https://api.github.com/users/mayankdevops/subscriptions","organizations_url":"https://api.github.com/users/mayankdevops/orgs","repos_url":"https://api.github.com/users/mayankdevops/repos","events_url":"https://api.github.com/users/mayankdevops/events{/privacy}","received_events_url":"https://api.github.com/users/mayankdevops/received_events","type":"User","site_admin":false},"parents":[{"sha":"2edd473347daf4e5fa9f60797c5c61611c762095","url":"https://api.github.com/repos/mayankdevops/onlinebanking/commits/2edd473347daf4e5fa9f60797c5c61611c762095","html_url":"https://github.com/mayankdevops/onlinebanking/commit/2edd473347daf4e5fa9f60797c5c61611c762095"}]},{"sha":"2edd473347daf4e5fa9f60797c5c61611c762095","commit":{"author":{"name":"mayankdevops","email":"mayank.devops@gmail.com","date":"2016-02-23T07:25:55Z"},"committer":{"name":"mayankdevops","email":"mayank.devops@gmail.com","date":"2016-02-23T07:25:55Z"},"message":"Added files via upload","tree":{"sha":"6d5c91f0f0a87d8b0bb6de093924519c79c4a757","url":"https://api.github.com/repos/mayankdevops/onlinebanking/git/trees/6d5c91f0f0a87d8b0bb6de093924519c79c4a757"},"url":"https://api.github.com/repos/mayankdevops/onlinebanking/git/commits/2edd473347daf4e5fa9f60797c5c61611c762095","comment_count":0},"url":"https://api.github.com/repos/mayankdevops/onlinebanking/commits/2edd473347daf4e5fa9f60797c5c61611c762095","html_url":"https://github.com/mayankdevops/onlinebanking/commit/2edd473347daf4e5fa9f60797c5c61611c762095","comments_url":"https://api.github.com/repos/mayankdevops/onlinebanking/commits/2edd473347daf4e5fa9f60797c5c61611c762095/comments","author":{"login":"mayankdevops","id":11787440,"avatar_url":"https://avatars.githubusercontent.com/u/11787440?v=3","gravatar_id":"","url":"https://api.github.com/users/mayankdevops","html_url":"https://github.com/mayankdevops","followers_url":"https://api.github.com/users/mayankdevops/followers","following_url":"https://api.github.com/users/mayankdevops/following{/other_user}","gists_url":"https://api.github.com/users/mayankdevops/gists{/gist_id}","starred_url":"https://api.github.com/users/mayankdevops/starred{/owner}{/repo}","subscriptions_url":"https://api.github.com/users/mayankdevops/subscriptions","organizations_url":"https://api.github.com/users/mayankdevops/orgs","repos_url":"https://api.github.com/users/mayankdevops/repos","events_url":"https://api.github.com/users/mayankdevops/events{/privacy}","received_events_url":"https://api.github.com/users/mayankdevops/received_events","type":"User","site_admin":false},"committer":{"login":"mayankdevops","id":11787440,"avatar_url":"https://avatars.githubusercontent.com/u/11787440?v=3","gravatar_id":"","url":"https://api.github.com/users/mayankdevops","html_url":"https://github.com/mayankdevops","followers_url":"https://api.github.com/users/mayankdevops/followers","following_url":"https://api.github.com/users/mayankdevops/following{/other_user}","gists_url":"https://api.github.com/users/mayankdevops/gists{/gist_id}","starred_url":"https://api.github.com/users/mayankdevops/starred{/owner}{/repo}","subscriptions_url":"https://api.github.com/users/mayankdevops/subscriptions","organizations_url":"https://api.github.com/users/mayankdevops/orgs","repos_url":"https://api.github.com/users/mayankdevops/repos","events_url":"https://api.github.com/users/mayankdevops/events{/privacy}","received_events_url":"https://api.github.com/users/mayankdevops/received_events","type":"User","site_admin":false},"parents":[{"sha":"33a9d15e645718c2d5ea8972e95b32f7c2717efc","url":"https://api.github.com/repos/mayankdevops/onlinebanking/commits/33a9d15e645718c2d5ea8972e95b32f7c2717efc","html_url":"https://github.com/mayankdevops/onlinebanking/commit/33a9d15e645718c2d5ea8972e95b32f7c2717efc"}]},{"sha":"33a9d15e645718c2d5ea8972e95b32f7c2717efc","commit":{"author":{"name":"mayankdevops","email":"mayank.devops@gmail.com","date":"2016-02-23T07:14:43Z"},"committer":{"name":"mayankdevops","email":"mayank.devops@gmail.com","date":"2016-02-23T07:14:43Z"},"message":"Initial commit","tree":{"sha":"4918356052f5532c0a1bc4651000d6d93bf14a28","url":"https://api.github.com/repos/mayankdevops/onlinebanking/git/trees/4918356052f5532c0a1bc4651000d6d93bf14a28"},"url":"https://api.github.com/repos/mayankdevops/onlinebanking/git/commits/33a9d15e645718c2d5ea8972e95b32f7c2717efc","comment_count":0},"url":"https://api.github.com/repos/mayankdevops/onlinebanking/commits/33a9d15e645718c2d5ea8972e95b32f7c2717efc","html_url":"https://github.com/mayankdevops/onlinebanking/commit/33a9d15e645718c2d5ea8972e95b32f7c2717efc","comments_url":"https://api.github.com/repos/mayankdevops/onlinebanking/commits/33a9d15e645718c2d5ea8972e95b32f7c2717efc/comments","author":{"login":"mayankdevops","id":11787440,"avatar_url":"https://avatars.githubusercontent.com/u/11787440?v=3","gravatar_id":"","url":"https://api.github.com/users/mayankdevops","html_url":"https://github.com/mayankdevops","followers_url":"https://api.github.com/users/mayankdevops/followers","following_url":"https://api.github.com/users/mayankdevops/following{/other_user}","gists_url":"https://api.github.com/users/mayankdevops/gists{/gist_id}","starred_url":"https://api.github.com/users/mayankdevops/starred{/owner}{/repo}","subscriptions_url":"https://api.github.com/users/mayankdevops/subscriptions","organizations_url":"https://api.github.com/users/mayankdevops/orgs","repos_url":"https://api.github.com/users/mayankdevops/repos","events_url":"https://api.github.com/users/mayankdevops/events{/privacy}","received_events_url":"https://api.github.com/users/mayankdevops/received_events","type":"User","site_admin":false},"committer":{"login":"mayankdevops","id":11787440,"avatar_url":"https://avatars.githubusercontent.com/u/11787440?v=3","gravatar_id":"","url":"https://api.github.com/users/mayankdevops","html_url":"https://github.com/mayankdevops","followers_url":"https://api.github.com/users/mayankdevops/followers","following_url":"https://api.github.com/users/mayankdevops/following{/other_user}","gists_url":"https://api.github.com/users/mayankdevops/gists{/gist_id}","starred_url":"https://api.github.com/users/mayankdevops/starred{/owner}{/repo}","subscriptions_url":"https://api.github.com/users/mayankdevops/subscriptions","organizations_url":"https://api.github.com/users/mayankdevops/orgs","repos_url":"https://api.github.com/users/mayankdevops/repos","events_url":"https://api.github.com/users/mayankdevops/events{/privacy}","received_events_url":"https://api.github.com/users/mayankdevops/received_events","type":"User","site_admin":false},"parents":[]}]