{"jobs":[{"name":"SampleProject","lastBuild":{"actions":[{"causes":[{"shortDescription":"Started by an SCM change"}]},{},{},{},{},{},{},{},{},{"url":"http://localhost:9000/sonar/dashboard/index/com.cts.devops:onlinebanking"},{},{}],"id":"77","result":"SUCCESS","timestamp":1457343840341,"url":"http://CTSC00607758201:8080/job/SampleProject/77/","changeSet":{"items":[{"commitId":"7d7988abc9636dd1ed6a95109cc33836b60eeaba","author":{"fullName":"mayank.devops"},"comment":"Update basic.css\nchanging the bg color again.. this time to jenkins job\n"}],"kind":"git"}}},{"name":"sampletestapp","lastBuild":{"actions":[{"causes":[{"shortDescription":"Started by user anonymous"}]},{},{},{},{}],"id":"1","result":"FAILURE","timestamp":1455784680611,"url":"http://CTSC00607758201:8080/job/sampletestapp/1/","changeSet":{"items":[],"kind":"git"}}},{"name":"TestJob","lastBuild":{"actions":[{"causes":[{"shortDescription":"Started by user anonymous"}]},{}],"id":"9","result":"SUCCESS","timestamp":1456122654528,"url":"http://CTSC00607758201:8080/job/TestJob/9/","changeSet":{"items":[],"kind":null}}}]}